{"accuracy": [0.11161764711141586, 0.14852941036224365, 0.16308823227882385, 0.1724264770746231, 0.17705883085727692, 0.18220588564872742, 0.18463234603405, 0.19169117510318756, 0.19492647051811218, 0.20036764442920685, 0.2011764645576477, 0.2027941197156906, 0.1986764669418335, 0.2041911780834198, 0.209852933883667, 0.21301470696926117, 0.21176470816135406, 0.20830883085727692, 0.22095587849617004, 0.21639706194400787, 0.22330881655216217, 0.22058823704719543, 0.22404411435127258, 0.22448529303073883, 0.22830882668495178, 0.22963234782218933, 0.22544117271900177, 0.22911764681339264, 0.23235294222831726, 0.23316176235675812, 0.24867646396160126, 0.4085294008255005, 0.5077205896377563, 0.5666176676750183, 0.6112499833106995, 0.6563970446586609, 0.683161735534668, 0.7142646908760071, 0.7331617474555969, 0.7539705634117126, 0.7708823680877686, 0.784852921962738, 0.8007352948188782, 0.8135294318199158, 0.8258823752403259, 0.833088219165802, 0.8484559059143066, 0.8541911840438843, 0.8622794151306152, 0.8708088397979736, 0.874191164970398, 0.8799999952316284, 0.885735273361206, 0.8942646980285645, 0.9029411673545837, 0.9052941203117371, 0.9127941131591797, 0.9163970351219177, 0.9194117784500122, 0.9218382239341736], "loss": [3.7077479362487793, 3.5145316123962402, 3.4390206336975098, 3.3809988498687744, 3.338352680206299, 3.3074209690093994, 3.2789535522460938, 3.244053840637207, 3.227130651473999, 3.20666766166687, 3.179633140563965, 3.1698498725891113, 3.153567314147949, 3.1388165950775146, 3.124113082885742, 3.10664439201355, 3.0945980548858643, 3.0938336849212646, 3.0725762844085693, 3.0730881690979004, 3.040374755859375, 3.0531930923461914, 3.034606456756592, 3.03373122215271, 3.0180962085723877, 3.0162465572357178, 3.0081684589385986, 2.997727870941162, 2.990607500076294, 2.9792420864105225, 3.828054428100586, 2.4160635471343994, 1.9066219329833984, 1.6169546842575073, 1.4389758110046387, 1.2449731826782227, 1.1400187015533447, 1.0170769691467285, 0.9459994435310364, 0.8764894008636475, 0.8086780309677124, 0.7467328310012817, 0.6892178654670715, 0.6411448121070862, 0.6046560406684875, 0.5600957274436951, 0.516240119934082, 0.4949039816856384, 0.465518057346344, 0.43570804595947266, 0.42023518681526184, 0.3960326910018921, 0.37803077697753906, 0.3522202670574188, 0.32371631264686584, 0.3049223721027374, 0.28651177883148193, 0.27460765838623047, 0.26984652876853943, 0.25334545969963074], "top5_acc": [0.30639705061912537, 0.3762499988079071, 0.3875735402107239, 0.4086029529571533, 0.41632354259490967, 0.43301472067832947, 0.43632352352142334, 0.4486764669418335, 0.45727941393852234, 0.4563235342502594, 0.4663970470428467, 0.4676470458507538, 0.474117636680603, 0.47536763548851013, 0.47845587134361267, 0.48764705657958984, 0.4913235306739807, 0.4875735342502594, 0.49551472067832947, 0.4989705979824066, 0.5028676390647888, 0.5, 0.5069117546081543, 0.5054411888122559, 0.5112500190734863, 0.5095587968826294, 0.5108088254928589, 0.5199264883995056, 0.5222794413566589, 0.5228676199913025, 0.5005146861076355, 0.6802206039428711, 0.7655882239341736, 0.8206617832183838, 0.8507353067398071, 0.8799999952316284, 0.8938970565795898, 0.9127205610275269, 0.9216911792755127, 0.9336764812469482, 0.9404411911964417, 0.9464705586433411, 0.956250011920929, 0.9611764550209045, 0.961617648601532, 0.9672794342041016, 0.9724264740943909, 0.9734559059143066, 0.9742646813392639, 0.9774264693260193, 0.9788970351219177, 0.9830882549285889, 0.9847058653831482, 0.9850000143051147, 0.9861764907836914, 0.9879412055015564, 0.9897794127464294, 0.9890441298484802, 0.9900735020637512, 0.991102933883667], "val_accuracy": [0.15740740299224854, 0.18171297013759613, 0.18171297013759613, 0.18518517911434174, 0.18807870149612427, 0.19675925374031067, 0.20601852238178253, 0.2013888955116272, 0.203125, 0.20254629850387573, 0.20717592537403107, 0.21064814925193787, 0.20949074625968933, 0.2152777761220932, 0.22280092537403107, 0.22106482088565826, 0.2204861044883728, 0.2256944477558136, 0.22511574625968933, 0.2256944477558136, 0.22858797013759613, 0.23668982088565826, 0.22627314925193787, 0.23379629850387573, 0.22627314925193787, 0.24189814925193787, 0.23148147761821747, 0.23553240299224854, 0.2447916716337204, 0.24074074625968933, 0.1197916641831398, 0.4392361044883728, 0.6296296119689941, 0.6591435074806213, 0.7002314925193787, 0.7297453880310059, 0.7494212985038757, 0.7667824029922485, 0.7789351940155029, 0.7800925970077515, 0.7991898059844971, 0.8020833134651184, 0.8101851940155029, 0.8240740895271301, 0.8182870149612427, 0.8223379850387573, 0.8298611044883728, 0.8362268805503845, 0.8333333134651184, 0.8362268805503845, 0.8327546119689941, 0.8368055820465088, 0.8483796119689941, 0.8350694179534912, 0.8466435074806213, 0.8454861044883728, 0.8530092835426331, 0.8535879850387573, 0.84375, 0.8489583134651184], "val_loss": [3.576272964477539, 3.34794282913208, 3.287036418914795, 3.246384620666504, 3.212430000305176, 3.189871311187744, 3.166775703430176, 3.138913869857788, 3.1370818614959717, 3.1206209659576416, 3.0993146896362305, 3.088623523712158, 3.0775210857391357, 3.0605084896087646, 3.044393301010132, 3.03690767288208, 3.0363240242004395, 3.016047477722168, 3.0273590087890625, 2.99766206741333, 2.996873140335083, 2.984957456588745, 2.986694574356079, 2.975592613220215, 2.96993088722229, 2.9645113945007324, 2.971566915512085, 2.9657633304595947, 2.938472270965576, 2.941340923309326, 5.914458751678467, 2.3455185890197754, 1.4166293144226074, 1.2632575035095215, 1.1219269037246704, 1.0064982175827026, 0.920905351638794, 0.8651522994041443, 0.8107619881629944, 0.7825159430503845, 0.738717794418335, 0.7418521642684937, 0.7062172889709473, 0.6989883780479431, 0.6718512177467346, 0.674139142036438, 0.6548770070075989, 0.6225019097328186, 0.6347962617874146, 0.6635043621063232, 0.6525334715843201, 0.6453956365585327, 0.6239559650421143, 0.6751666069030762, 0.6472076773643494, 0.6568622589111328, 0.6397045254707336, 0.6385825872421265, 0.6499404311180115, 0.6429182887077332], "val_top5_acc": [0.3715277910232544, 0.40914350748062134, 0.43287035822868347, 0.4444444477558136, 0.45428240299224854, 0.46296295523643494, 0.46238425374031067, 0.46932870149612427, 0.4756944477558136, 0.48032405972480774, 0.48148149251937866, 0.48726850748062134, 0.4965277910232544, 0.5098379850387573, 0.5028935074806213, 0.5023148059844971, 0.5017361044883728, 0.5086805820465088, 0.5104166865348816, 0.5173611044883728, 0.5185185074806213, 0.5202546119689941, 0.5138888955116272, 0.5208333134651184, 0.5289351940155029, 0.5248842835426331, 0.5179398059844971, 0.5214120149612427, 0.5289351940155029, 0.5295138955116272, 0.32175925374031067, 0.7164351940155029, 0.8483796119689941, 0.8767361044883728, 0.8946759104728699, 0.9068287014961243, 0.9288194179534912, 0.9317129850387573, 0.9386574029922485, 0.9438657164573669, 0.9479166865348816, 0.9496527910232544, 0.9565972089767456, 0.9554398059844971, 0.9537037014961243, 0.9565972089767456, 0.9554398059844971, 0.9652777910232544, 0.9600694179534912, 0.9618055820465088, 0.9664351940155029, 0.9623842835426331, 0.9646990895271301, 0.9629629850387573, 0.9652777910232544, 0.9641203880310059, 0.9646990895271301, 0.9652777910232544, 0.9629629850387573, 0.9629629850387573],